{
    "items": [
        {
            "name": "Fire",
            "x": -8.139251708984375,
            "y": 0.04000014066696167,
            "z": 14.883838653564454
        },
        {
            "name": "PlayerArmature",
            "x": -5.269999980926514,
            "y": 0.022286485880613328,
            "z": 8.470000267028809
        }
    ]
}