{
    "items": [
        {
            "name": "Fire",
            "x": -8.139251708984375,
            "y": 0.04000014066696167,
            "z": 14.883838653564454
        },
        {
            "name": "PlayerArmature",
            "x": -0.10883396863937378,
            "y": 0.022286485880613328,
            "z": 4.110706806182861
        }
    ]
}